{
  "test_accuracy": 0.8625890933200729,
  "test_f1": 0.6930766382821177
}