{
  "test_accuracy": 0.8596055030664678,
  "test_f1": 0.6891743119266055
}