{
  "numeric": {
    "age": {
      "bin_edges": [
        17.0,
        22.0,
        26.0,
        30.0,
        34.0,
        37.0,
        41.0,
        45.0,
        50.0,
        57.0,
        90.0
      ],
      "reference_proportions": [
        0.0855402213104563,
        0.09992125657922002,
        0.10344398856148203,
        0.10966057441253264,
        0.08239048447925733,
        0.10580629118488126,
        0.09876082722035724,
        0.10667661320402835,
        0.10613784243027063,
        0.10166190061751419
      ]
    },
    "fnlwgt": {
      "bin_edges": [
        13769.0,
        65982.8,
        106741.2,
        130941.40000000004,
        159048.2,
        178449.0,
        196341.2,
        219987.40000000008,
        260603.20000000004,
        329980.0,
        1455435.0
      ],
      "reference_proportions": [
        0.10000414439056737,
        0.10000414439056737,
        0.10000414439056737,
        0.10000414439056737,
        0.09992125657922002,
        0.10004558829624104,
        0.10000414439056737,
        0.10000414439056737,
        0.09987981267354636,
        0.10012847610758838
      ]
    },
    "education_num": {
      "bin_edges": [
        1.0,
        7.0,
        9.0,
        10.0,
        11.0,
        13.0,
        16.0
      ],
      "reference_proportions": [
        0.07729288408139583,
        0.04691450122259522,
        0.32396701065108374,
        0.2215176758257698,
        0.07866053296862696,
        0.2516473952505284
      ]
    },
    "capital_gain": {
      "bin_edges": [
        0.0,
        99999.0
      ],
      "reference_proportions": [
        1.0
      ]
    },
    "capital_loss": {
      "bin_edges": [
        0.0,
        4356.0
      ],
      "reference_proportions": [
        1.0
      ]
    },
    "hours_per_week": {
      "bin_edges": [
        1.0,
        25.0,
        36.0,
        40.0,
        42.0,
        50.0,
        55.0,
        99.0
      ],
      "reference_proportions": [
        0.08877284595300261,
        0.10497741307140784,
        0.028513407103485433,
        0.47482282730324504,
        0.09780761738986282,
        0.09664718803100004,
        0.10845870114799619
      ]
    }
  },
  "categorical": {
    "workclass": {
      "Private": 0.7367068672551701,
      "Self-emp-not-inc": 0.08280492353599403,
      "Local-gov": 0.06921132247503005,
      "State-gov": 0.04306021799494384,
      "Self-emp-inc": 0.0357660905963778,
      "Federal-gov": 0.03203613908574744,
      "Without-pay": 0.00041443905673670687
    },
    "education": {
      "HS-grad": 0.32396701065108374,
      "Some-college": 0.2215176758257698,
      "Bachelors": 0.16718471548758754,
      "Masters": 0.0535869700360562,
      "Assoc-voc": 0.044966637655932694,
      "11th": 0.03502010029425173,
      "Assoc-acdm": 0.03369389531269427,
      "10th": 0.027518753367317336,
      "7th-8th": 0.01864975755315181,
      "Prof-school": 0.01798665506237308,
      "9th": 0.014919806042521447,
      "Doctorate": 0.012889054664511583,
      "12th": 0.011894400928343487,
      "5th-6th": 0.009532098304944258,
      "1st-4th": 0.0051390443035351655,
      "Preschool": 0.0015334245099258154
    },
    "marital_status": {
      "Married-civ-spouse": 0.467280036470637,
      "Never-married": 0.31973973227236935,
      "Divorced": 0.14169671349828009,
      "Separated": 0.031124373160926685,
      "Widowed": 0.026979982593559618,
      "Married-spouse-absent": 0.012516059513448547,
      "Married-AF-spouse": 0.000663102490778731
    },
    "occupation": {
      "Prof-specialty": 0.13556301545857682,
      "Craft-repair": 0.13324215674085127,
      "Exec-managerial": 0.13195739566496748,
      "Adm-clerical": 0.12163786315222347,
      "Sales": 0.11852957022669816,
      "Other-service": 0.10609639852459696,
      "Machine-op-inspct": 0.06577147830411538,
      "Transport-moving": 0.05292386754527747,
      "Handlers-cleaners": 0.044220647353806625,
      "Farming-fishing": 0.03290646110489453,
      "Tech-support": 0.029756724273695554,
      "Protective-serv": 0.022048157818392804,
      "Priv-house-serv": 0.0050561564921878235,
      "Armed-Forces": 0.0002901073397156948
    },
    "relationship": {
      "Husband": 0.4148949396991172,
      "Not-in-family": 0.25865141530937874,
      "Own-child": 0.14521944548054208,
      "Unmarried": 0.10572340337353392,
      "Wife": 0.04575407186373244,
      "Other-relative": 0.029756724273695554
    },
    "race": {
      "White": 0.8598367110116457,
      "Black": 0.09358033901114841,
      "Asian-Pac-Islander": 0.029383729122632516,
      "Amer-Indian-Eskimo": 0.009200547059554892,
      "Other": 0.007998673795018443
    },
    "sex": {
      "Male": 0.6761573210659373,
      "Female": 0.32384267893406277
    },
    "native_country": {
      "United-States": 0.9109370467072817,
      "Mexico": 0.01981018691201459,
      "Philippines": 0.005885034605661237,
      "Germany": 0.004434497907082764,
      "Canada": 0.0037713954163040323,
      "Puerto-Rico": 0.003729951510630362,
      "India": 0.0035227319822620086,
      "El-Salvador": 0.0032326246425463134,
      "Cuba": 0.003191180736872643,
      "England": 0.0028181855858096065,
      "Jamaica": 0.0025695221517675827,
      "Guatemala": 0.002486634340420241,
      "Dominican-Republic": 0.002362302623399229,
      "South": 0.0023208587177255585,
      "Italy": 0.0021965270007045464,
      "China": 0.002155083095030876,
      "Vietnam": 0.0020307513780098638,
      "Poland": 0.0019478635666625222,
      "Japan": 0.0019064196609888517,
      "Columbia": 0.0017820879439678396,
      "Haiti": 0.0015748684155994861,
      "Iran": 0.0014919806042521448,
      "Taiwan": 0.0014090927929048033,
      "Portugal": 0.0012433171702101206,
      "Nicaragua": 0.001077541547515438,
      "Peru": 0.0009946537361680964,
      "Greece": 0.0009946537361680964,
      "Ecuador": 0.0009532098304944258,
      "France": 0.0009117659248207551,
      "Ireland": 0.0007874342077997431,
      "Laos": 0.000663102490778731,
      "Trinadad&Tobago": 0.000663102490778731,
      "Hong": 0.0006216585851050603,
      "Thailand": 0.0006216585851050603,
      "Yugoslavia": 0.0005802146794313896,
      "Cambodia": 0.0005802146794313896,
      "Outlying-US(Guam-USVI-etc)": 0.000538770773757719,
      "Scotland": 0.00041443905673670687,
      "Hungary": 0.00041443905673670687,
      "Honduras": 0.0003315512453893655,
      "Holand-Netherlands": 4.1443905673670685e-05
    }
  }
}